編號,菜品名稱,單位,價格
001,菜心,斤,1
0010,西生菜,斤,1
0011,大白菜,斤,1
0012,大白菜膽,斤,1
0013,學斗,斤,1
0014,白菜仔,斤,1
0015,白菜心,斤,1
0016,大椰菜,斤,1
0017,京椰菜,斤,1
0019,椰菜花,斤,1
002,菜心苗,斤,1
0020,紹菜,斤,1
0021,娃娃菜,斤,1
0022,旺菜,斤,1
0023,包芥,斤,1
0024,芥菜,斤,1
0025,芥菜膽,斤,1
0026,小棠菜,斤,1
0027,小棠菜苗,斤,1
0028,菠菜,斤,1
0029,油麥菜,斤,1
003,芥蘭,斤,1
0030,豆苗,斤,1
0031,芥蘭(切料),斤,1
0032,蓎蒿,斤,1
0033,翡翠苗,包,1
0034,西蘭花,斤,1
0035,枸杞,斤,1
0036,皇帝菜,斤,1
0037,美國西芹,斤,1
0038,大陸西芹,斤,1
004,芥蘭苗,斤,1
0040,韭王,斤,1
0041,韭菜花,扎,1
0042,韭菜,斤,1
0043,芹菜,斤,1
0044,蒜心,斤,1
0046,粟米仔,盒,1
0048,鮮露筍,磅,1
005,西洋菜,斤,1
0050,粟米,條,1
0051,西洋菜(切料),斤,1
0053,九牙菜,磅,1
0054,紅毛菜,磅,1
006,莧菜,斤,1
0061,莧菜(切料),斤,1
0063,水東芥菜,斤,1
0064,蕃薯肉,斤,1
0069,福建椰菜花,斤,1
007,白通菜,斤,1
0071,白通菜(切料),斤,1
008,青通菜,斤,1
0081,青通菜(切料),斤,1
009,唐生菜,斤,1
0091,唐生菜(切料),斤,1
01,菜心,斤,1
010,西生菜,斤,1
0101,四季豆,包,1
0103,蜜豆肉,斤,1
0105,荷豆肉,斤,1
0106,白豆角,斤,1
0107,青豆角,斤,1
0108,白蘿蔔,斤,1
0109,白蘿蔔肉,斤,1
011,大白菜,斤,1
011-A,奶白菜,斤,1
0110,紅蘿蔔,斤,1
0111,紅蘿蔔肉,斤,1
0112,青蘿蔔,斤,1
0113,青蘿蔔肉,斤,1
0114,薯仔,斤,1
0115,薯仔肉,斤,1
0118,冬瓜,斤,1
0119,冬瓜肉,斤,1
012,白菜膽,斤,1
0121,節瓜,斤,1
0122,節瓜肉,斤,1
0123,蓮藕,斤,1
0124,蓮藕肉,斤,1
0125,芋頭,斤,1
0126,芋頭肉,斤,1
0127,粉葛,斤,1
0128,粉葛肉,斤,1
0129,沙葛,斤,1
013,學斗,斤,1
0130,沙葛肉,斤,1
0131,蕃薯,斤,1
0133,茄瓜,斤,1
0134,涼瓜,斤,1
0136,合掌瓜,斤,1
0137,合掌瓜肉,斤,1
014,白菜仔,斤,1
0140,勝瓜,斤,1
0141,勝瓜肉,斤,1
0142,老王瓜,斤,1
0143,青木瓜,斤,1
0144,青木瓜肉,斤,1
0145,翠肉瓜,斤,1
0146,青瓜,斤,1
0147,有刺青瓜,斤,1
0148,溫室青瓜,盒,1
0149,蕃茄,斤,1
014A,白菜仔(馬尾),斤,1
015,白菜心,斤,1
0150,車厘茄,斤,1
0152,馬蹄,斤,1
0153,馬蹄肉,斤,1
0159,大丁苦瓜,斤,1
016,大椰菜,斤,1
017,京椰菜,斤,1
0171,京椰菜(切料),斤,1
017A,京椰菜粒,斤,1
018,紫椰菜,斤,1
019,椰菜花,斤,1
0191,椰菜花(切料),斤,1
01A,菜心(尖葉),斤,1
02,菜心苗,斤,1
020,紹菜,斤,1
020-A,津白,斤,1
0201,西椒,斤,1
0202,青尖椒,斤,1
0203,紅椒,斤,1
0204,指天椒,斤,1
0205,紅圓椒,斤,1
0206,黃圓椒,斤,1
0207,薑,斤,1
0208,薑肉,斤,1
021,娃娃菜,包,1
0212,蒜肉,斤,1
0213,蒜茸,斤,1
0214,青蒜,斤,1
0216,干蔥肉,斤,1
0217,干蔥茸,斤,1
0218,京蔥,斤,1
0219,洋蔥,斤,1
022,旺菜,斤,1
0220,洋蔥肉,斤,1
0221,紫洋蔥,斤,1
0222,芫茜,斤,1
0223,番茜,斤,1
0224,蔥肉,斤,1
0228,薑茸,斤,1
022a,細旺菜,斤,1
023,包芥,斤,1
024,芥菜,斤,1
0241,芥菜(切料),斤,1
025,芥菜膽,斤,1
026,小棠菜,斤,1
0261,小棠菜(切料),斤,1
0261-A,小棠菜粒,斤,1
027,小棠菜苗,斤,1
0271,小棠菜苗(切料),斤,1
028,菠菜,斤,1
029,油麥菜,斤,1
0291,油麥菜(切料),斤,1
03,芥蘭,斤,1
030,豆苗,斤,1
0301,金菇,包,1
0302,鮮冬菇,斤,1
0303,雞比菇,斤,1
0304,秀珍菇,斤,1
0306,草菇,磅,1
0307,荼樹菇,斤,1
0308,靈芝菇,包,1
031,豆杯,斤,1
0312,芽菜,斤,1
0313,銀芽,斤,1
0314,大豆芽,斤,1
0315,包仔豆腐,件,1
032,蓎蒿,斤,1
033,翡翠苗,包,1
033a,翡翠苗,盒,1
034,西蘭花,斤,1
0341,西蘭花(切料),斤,1
034A,西蘭花苗,斤,1
035,枸杞,斤,1
036,皇帝菜,扎,1
037,美國西芹,斤,1
038,大陸西芹,斤,1
0381,西芹(切料),斤,1
039,台灣西芹,斤,1
04,芥蘭苗,斤,1
040,韭王,斤,1
0401,咸菜,斤,1
0403,梅菜,斤,1
0405,大頭菜,斤,1
0406,香茅,包,1
0407,檸檬葉,兩,1
0408,薄荷葉,兩,1
041,韭菜花,扎,1
0411,淮山,斤,1
0413,鮮百合,包,1
0414,蓮子肉,包,1
0415,白果肉,包,1
0417,金不換,扎,1
0418,茅根,斤,1
0419,竹蔗,扎,1
042,韭菜,斤,1
0421,栗子肉,包,1
0422,菜甫,斤,1
043,芹菜,斤,1
0431,芹菜肉,斤,1
044,蒜心,斤,1
045,春菜,斤,1
046,粟米仔,盒,1
047,蘿蔔笛,斤,1
048,鮮露筍,磅,1
048A,白露筍,磅,1
049,(泰國)露筍笛,盒,1
05,西洋菜,斤,1
050,粟米,條,1
0501,粟米(切料),條,1
051,珍珠菜,斤,1
052,羅文生菜(斤),斤,1
0521,羅文生菜(磅),磅,1
0529,金瓜,斤,1
053,九牙菜(斤),斤,1
0531,九牙菜(磅),磅,1
053a,九牙(淨菜),磅,1
054,紅毛菜(斤),斤,1
054-1A,綠毛菜 (磅),磅,1
0541,紅毛菜(磅),磅,1
054a,紅毛(淨菜),磅,1
055,椰菜苗,包,1
056,子蘇,兩,1
057,牛油生菜,磅,1
0571,菜心(切料),斤,1
058,秋葵,包,1
059,羅勒,扎,1
06,莧菜,斤,1
060,火箭菜,磅,1
061,也菜苗,斤,1
062,法蔥,兩,1
063,水東芥菜,斤,1
064,蕃薯肉,斤,1
064-A,蕃薯肉 ( 黃肉),斤,1
065,冰菜,斤,1
066,日本蕃薯,斤,1
067,小九菜,斤,1
068,菠菜苗,斤,1
069,福建椰菜花,斤,1
07,白通菜,斤,1
070,細薯仔肉,斤,1
071,法扁豆,盒,1
072,孱菜,斤,1
073,紅莧菜,斤,1
074,新界西洋菜,斤,1
075,紅菜心,斤,1
076,蕎菜,斤,1
077,菠菜葉,斤,1
078,昆明唐生菜,斤,1
079,塔菜,斤,1
07A,水通菜,斤,1
08,青通菜,斤,1
080,大陸露筍,斤,1
081,春菜,斤,1
082,節瓜浦,斤,1
083,塔菜葉,斤,1
084,貢菜,斤,1
085,美國焗薯,斤,1
086,蕃薯苗,斤,1
087, 雞毛菜,斤,1
088,沙津菜,磅,1
089,芥菜苗,斤,1
09,唐生菜,斤,1
090,紅麥菜苗,斤,1
091,象菜,磅,1
0911,有根唐生菜,斤,1
092,龍鬚菜,斤,1
093,銀絲王,斤,1
101,四季豆,包,1
102,蜜豆,斤,1
103,蜜豆肉,斤,1
104,荷豆,斤,1
105,荷豆肉,斤,1
106,白豆角,斤,1
1061,白豆角(切料),斤,1
106A,油豆角,斤,1
107,青豆角,斤,1
1071,青豆角(切料),斤,1
108,白蘿蔔,斤,1
1081,白羅蔔肉(切料),斤,1
109,白蘿蔔肉,斤,1
110,紅蘿蔔,斤,1
111,紅蘿蔔肉,斤,1
1111,紅蘿蔔肉(切料),斤,1
112,青蘿蔔,斤,1
113,青蘿蔔肉,斤,1
1131,青蘿蔔肉(切料),斤,1
114,薯仔,斤,1
115,薯仔肉,斤,1
1151,薯仔肉(切料),斤,1
116,甘筍,斤,1
117,甘筍肉,斤,1
1171,甘荀肉(切料),斤,1
118,冬瓜,斤,1
118-A,灰冬瓜,斤,1
1181,冬瓜(切料),斤,1
119,冬瓜肉,斤,1
120,細冬瓜盅,斤,1
1201,冬瓜盅仔-原條,斤,1
121,節瓜,斤,1
122,節瓜肉,斤,1
1221,節瓜肉(切料),斤,1
123,蓮藕,斤,1
124,蓮藕肉,斤,1
1241,蓮藕肉(切料),斤,1
124a,蓮藕苗,斤,1
125,芋頭,斤,1
126,芋頭肉,斤,1
1261,芋頭肉(切料),斤,1
126A,泰國芋頭肉,斤,1
127,粉葛,斤,1
128,粉葛肉,斤,1
1281,粉葛肉(切料),斤,1
129,沙葛,斤,1
130,沙葛肉,斤,1
1301,沙葛肉(切料),斤,1
131,蕃薯,斤,1
131A,蕃薯(紅皮黃肉),斤,1
131B,糖心蕃薯,斤,1
132,紫心蕃薯,斤,1
133,茄瓜,斤,1
1331,茄瓜(切料),斤,1
133A,太空茄,斤,1
133a,茄子(綠),斤,1
134,涼瓜,斤,1
1341,涼瓜(切料),斤,1
135,涼瓜肉,斤,1
136,合掌瓜,斤,1
137,合掌瓜肉,斤,1
1371,合掌瓜肉(切料),斤,1
138,南瓜,斤,1
139,南瓜肉,斤,1
1391,南瓜肉(切料),斤,1
140,勝瓜,斤,1
141,勝瓜肉,斤,1
1411,勝瓜肉(切料),斤,1
142,老黃瓜,斤,1
142-A,老黃瓜肉(有皮),斤,1
1421,老黃瓜(切料),斤,1
142a,老黃瓜肉,斤,1
143,青木瓜,斤,1
144,青木瓜肉,斤,1
1441,青木瓜肉(切料),斤,1
145,翠肉瓜,斤,1
1451,翠肉瓜(切料),斤,1
146,青瓜,斤,1
147,有刺青瓜,斤,1
1471,有刺青瓜肉,斤,1
148,溫室青瓜,斤,1
148a,溫室青瓜(大),斤,1
149,蕃茄,斤,1
1491,蕃茄(切料),斤,1
150,車厘茄,斤,1
150A,車厘茄 (橙色),斤,1
150a,黃車尼茄,斤,1
151,大蕃茄,斤,1
152,馬蹄,斤,1
153,馬蹄肉,斤,1
153-A,珍珠馬碲,包,1
1531,馬蹄肉(切料),斤,1
154,熟木瓜,個,1
155,(大陸)秋葵,包,1
156,熟木瓜肉,斤,1
157,意大利青瓜,斤,1
158,意大利黃瓜,斤,1
159,大丁苦瓜,斤,1
1591,大丁苦瓜肉,斤,1
160,手指茄子,斤,1
161,紫蕃薯肉,斤,1
1611,紫蕃薯肉(切料),斤,1
162,冬瓜環,斤,1
163,日本南瓜,斤,1
163A,日本南瓜肉,斤,1
164,芋頭仔,斤,1
165,(橙)車厘茄,斤,1
166,粟米肉,條,1
167,串番茄,盒,1
168,蕃薯苗,斤,1
169,蕃茄仔,斤,1
170,新鮮花椒,包,1
171,新薯,斤,1
172,冬瓜仔,斤,1
173,南瓜仔,斤,1
174,白茄子,斤,1
175,水瓜,斤,1
176,紫心蕃薯肉,斤,1
177,泥紅卜,斤,1
178,青南瓜,斤,1
179,龍鬚豆,斤,1
180,半殼板粟,斤,1
181,粟米鬚,斤,1
182,烤夫,斤,1
183,馬蹄筍,斤,1
184,茭白筍,斤,1
185,竹芋,斤,1
201,西椒,斤,1
2011,西椒(切料),斤,1
202,青尖椒,斤,1
203,紅椒,斤,1
2031,紅椒(切料),斤,1
204,指天椒,斤,1
2041,指天椒(切料),斤,1
204a,青指天椒,斤,1
205,紅圓椒,斤,1
2051,紅圓椒(切料),斤,1
206,黃圓椒,斤,1
2061,黃圓椒(切料),斤,1
2062,泡椒,包,1
207,薑,斤,1
208,薑肉,斤,1
2081,薑肉(切料),斤,1
209,老薑,斤,1
210,南薑,斤,1
211,蒜頭,斤,1
211A,泰國蒜頭,斤,1
212,蒜肉,斤,1
213,蒜茸,斤,1
214,青蒜,斤,1
215,干蔥,斤,1
215A,泰國乾蔥頭,斤,1
216,干蔥肉,斤,1
217,干蔥茸,斤,1
218,京蔥,斤,1
2181,京蔥肉,斤,1
219,洋蔥,斤,1
220,洋蔥肉,斤,1
2201,洋蔥肉(切料),斤,1
221,紫洋蔥,斤,1
222,芫茜,斤,1
222a,泰國莞茜,斤,1
223,番茜,斤,1
224,蔥肉,斤,1
2241,蔥肉(切料),斤,1
225,螺絲椒,斤,1
226,青指天椒,斤,1
227,沙薑,斤,1
228,薑茸,斤,1
229,紅頭蔥肉,斤,1
230,紫洋蔥肉,斤,1
231,獨子蒜,斤,1
232,濕炸枝竹,包,1
233,冰豆腐,包,1
234,菜乾,斤,1
235,冬菜,斤,1
236,(泰國)秋葵,包,1
237,天山雪蓮,斤,1
238,涼粉,斤,1
239,百里香,扎,1
240,露絲馬利,扎,1
241,子薑,斤,1
242,食用花,盒,1
243,班蘭葉,包,1
244,泰國南薑,斤,1
245,羽衣甘蘭,斤,1
246,去定指天椒,斤,1
246a,去定青指天椒,斤,1
247,回香草,斤,1
248,湖南青辣椒,斤,1
248a,綠線椒,斤,1
249,海花紅椒,斤,1
250,黃薑,斤,1
250A,黃薑(泰國),斤,1
251,刁草,兩,1
252,雲南椒,斤,1
253,意番茜,兩,1
254,日本大頁,盒,1
255,甘筍仔(有葉),盒,1
256,牛茄,斤,1
257,菊花(白),技,1
258,水支竹,條,1
259,美國芽菜,盒,1
260,枇杷葉,斤,1
261,龍蒿(他力根),扎,1
262,玫瑰花,枝,1
263,滿天星,枝,1
264,甘筍仔,斤,1
265,鮮花,枝,1
266,馬祖林 (Marjoram),扎,1
267,雪耳,斤,1
268,牛至(Oregano),扎,1
269,加州蕃茄,斤,1
270,西芹頭,斤,1
271,花生牙,包,1
272,鼠尾草(Sage),扎,1
273,紅蔥頭,斤,1
274,日本竹葉,盒,1
275,羅漢果,個,1
276,甜菜葉,盒,1
277,芥蘭頭,斤,1
278,英芫茜,兩,1
279,辣椒(墨西哥),斤,1
301,金菇,包,1
302,鮮冬菇(斤),斤,1
3021,冬菇(切料-斤),斤,1
3021A,鮮冬菇(切料-磅),磅,1
302A,鮮冬菇(磅),磅,1
303,雞比菇(斤),斤,1
3031,雞肶菇(切料),斤,1
303A,雞肶菇(磅),磅,1
304,秀珍菇(斤),斤,1
304A,秀珍菇(磅),磅,1
305,鮑魚菇,包,1
306,草菇(磅),磅,1
307,茶樹菇,斤,1
308,靈芝菇,包,1
309,海鮮菇,包,1
3091,海鮮菇 (大包),包,1
310,白磨菇(盒),盒,1
311,白磨菇(斤),斤,1
312,芽菜仔,斤,1
313,銀芽,斤,1
314,大豆芽菜,斤,1
315,包仔豆腐,件,1
315a,包仔豆腐,件,1
316,玉子豆腐,條,1
317,豆卜,斤,1
317-1,長豆卜(豆片),斤,1
317A,珍珠豆卜,斤,1
318,蒸煮百福豆腐,盒,1
319,板豆腐,件,1
3191,板豆腐,板,1
3191A,軟豆腐,板,1
320,炸豆腐,件,1
321,鮮腐竹,包,1
322,生根,串,1
323,炸枝竹,包,1
3231,枝竹,斤,1
324,素雞,條,1
325,芋絲,盒,1
326,黃豆干,件,1
327,山水滑豆腐,盒,1
328,煎炸百福豆腐,盒,1
329,豬紅,斤,1
330,翅芽,斤,1
331,腐皮,張,1
332,百葉結,斤,1
333,白磨菇(大盒),盒,1
334,燒烤菇,盒,1
335,鮮枝竹,包,1
336,木耳,斤,1
337,硬百福豆腐,盒,1
338,蟹味菇,包,1
339,鮮毛豆,包,1
340,毛豆肉,包,1
341,慈菇,斤,1
341A,慈菇肉,斤,1
342,黑松茸,盒,1
343,粉皮,包,1
344,甜竹,斤,1
345,響鈴,盒,1
346,白靈芝菇,包,1
347,白豆干,件,1
348,素鴨,條,1
349,冰,斤,1
350,面根,斤,1
351,毛豆,斤,1
352,銀絲王,斤,1
353,紅心番薯,斤,1
354,彩花生,斤,1
355,大烤菇,盒,1
356,普寧豆腐,件,1
357,蘑菇,磅,1
358,普寧豆腐,件,1
359,心里美蘿蔔,斤,1
360,黑木耳,斤,1
361,泰國茄子,斤,1
362,牛蒡肉,斤,1
363,回香草,斤,1
364,泰國青指天椒,斤,1
365,紫羽衣甘蘭,斤,1
366,小香蔥,斤,1
367,大冬瓜盅,斤,1
368,三色羅白仔,斤,1
369,藍梅,盒,1
370,蠶豆,斤,1
371,葫蘆瓜,斤,1
372,荔枝,磅,1
373,山竹,磅,1
374,金貝貝瓜,斤,1
375,紅珊瑚菜,磅,1
376,羅文心,磅,1
377,雞骨草,斤,1
378,芬奴,斤,1
379,蒜片,斤,1
380,熱情果,個,1
381,羅文心,包,1
382,干松茸片,包,1
383,鼠尾草,扎,1
384,蔥白,斤,1
385,沙律菜,磅,1
386,西大蒜,斤,1
387,紫洋蔥肉(切料),斤,1
388,萵荀(切料),斤,1
389,淮山(切料),斤,1
390,炸面根,斤,1
391,M 雜菜 (1.5KG/箱),箱,1
392,美國薯仔,斤,1
393,青欖,斤,1
394,芹菜頭,斤,1
395,百靈菇,斤,1
396,豆漿(細支),枝,1
396-A,豆漿(大支),枝,1
397,地老鼠,斤,1
398,魚腥草,斤,1
399,霸王花,斤,1
400,金針(乾黃花菜),斤,1
401,咸菜(斤),斤,1
402,咸菜(桶),桶,1
402a,酸菜,包,1
403,梅菜,斤,1
403A,甜梅菜,斤,1
404,榨菜,斤,1
405,大頭菜,斤,1
406,香茅,包,1
4061,香茅 (枝),枝,1
407,檸檬葉,兩,1
4071,檸檬葉絲,兩,1
407A,檸檬葉(泰國),兩,1
408,薄荷葉,兩,1
409,龍利葉,斤,1
410,牛膀,斤,1
410A,牛蒡肉,斤,1
411,淮山,斤,1
412,海底椰,包,1
4121,海底椰 (切料),斤,1
412A,海底椰(有皮),包,1
413,鮮百合,包,1
4131,鮮百合片,盒,1
414,鮮蓮子,包,1
415,白果肉,包,1
416,九層塔,扎,1
417,金不換,扎,1
418,茅根,斤,1
419,竹蔗,扎,1
420,粟子,斤,1
421,栗子肉,包,1
422,菜甫,斤,1
4221,菜甫粒,斤,1
423,大頭菜,斤,1
424,臭草,兩,1
425,椰子肉,斤,1
426,牛大力,斤,1
427,土茯苓,斤,1
4271,土伏岭肉,斤,1
428,客家咸菜,斤,1
428A,客家咸菜(桶),桶,1
429,夜香花,盒,1
430,鮮人參,盒,1
431,新鮮胡椒粒,斤,1
432,野葛菜,斤,1
433,五柳菜,斤,1
434,檸檬,個,1
434A,檸檬-新奇士,個,1
435,青檸檬,個,1
436,鮮荷葉,張,1
437,冬筍,斤,1
437a,冬荀肉,斤,1
438,萵筍,斤,1
439,泰國蘭花,包,1
4391,泰國蘭花 (枝),枝,1
440,蕉葉,包,1
441,珍珠菜,斤,1
442,啤梨,個,1
443,波子羅白,斤,1
444,泰國荷葉,張,1
445,青雪菜,斤,1
446,白茄,斤,1
447,紫蘇葉,兩,1
448,松草花,斤,1
449,紅菜頭,斤,1
449-A,紅菜頭肉,斤,1
450,橙,個,1
450A,橙 (新奇士),個,1
451,芒果,個,1
4511,芒果肉,個,1
452,士多啤梨,盒,1
453,梨,個,1
454,青蘋果,個,1
455,粽葉,張,1
456,蘋果,個,1
457,雪菜,斤,1
458,哈蜜瓜,個,1
459,火龍果,個,1
459A,火龍果(紅肉),個,1
460,番石榴,個,1
460A,番石榴 (中國),個,1
461,西瓜,個,1
462,奇異果,個,1
462a,金奇異果,個,1
463,蜜瓜,個,1
464,香蕉,磅,1
465,淮山肉,斤,1
466,白筍,斤,1
467,牛油果,個,1
468,椰王,個,1
469,椰子,個,1
470,年蓬,個,1
471,菠蘿,個,1
471A,菠蘿片,罐,1
472,萵筍肉,斤,1
473,百葉,斤,1
474,柑,個,1
475,西沙柚,個,1
476,印度椰子,個,1
477,沙糖桔,斤,1
478,芒果 (泰國),個,1
479,柚皮,斤,1
480,提子 (青),磅,1
480-A,提子,磅,1
480a,無核提子,磅,1
481,雪蓮果,斤,1
482,泰國金柚,個,1
483,百香果,個,1
484,車厘子,磅,1
485,龍珠果,盒,1
486,紅桑子,盒,1
487,風水梨,個,1
488,西柚,個,1
489,榴槤,磅,1
489A,榴蓮肉,磅,1
490,鄒皮瓜,個,1
491,無花果,個,1
492,鳯眼果,磅,1
493,蘆薈,斤,1
494,柚子肉,斤,1
495,大桔,磅,1
496,香梨,個,1
497,黃金梨,個,1
498,牛奶蕉,磅,1
499,大蕉,磅,1
501,芋頭粒,斤,1
502,芋頭絲,斤,1
503,沙葛粒,斤,1
504,羅白絲,斤,1
505,甘筍絲,斤,1
506,洋蔥絲,斤,1
507,芋頭條,斤,1
508,馬蹄粒,斤,1
509,蓮藕絲,斤,1
510,蓮藕粒,斤,1
511,韓國年糕,包,1
512,糯米粉,包,1
513,空桶,個,1
514,蔥花,斤,1
515,珍珠米(25k),包,1
516,青瓜粒,斤,1
517,酸薑,樽,1
518,腐乳,樽,1
519,椰青,個,1
520,青瓜絲,斤,1
521,紫椰菜絲,斤,1
522,紅什菜,磅,1
522a,紅雜菜(淨菜),磅,1
523,雞骨草,斤,1
524,芋頭片,斤,1
525,芋頭條,斤,1
526,雞粉1kg,包,1
527,沙糖(30kg),包,1
528,雞比菇粒,磅,1
529,金瓜,斤,1
530,紫淮山,斤,1
531,粗鹽,包,1
532,大金菇,包,1
533,旺菜(切料),斤,1
534,紫淮山肉,斤,1
535,小香蔥,斤,1
536,沙律菜,磅,1
537,椰菜苗,斤,1
538,保鮮紙,盒,1
539,李錦記蠔油(5磅),枝,1
540,享氏白醋,枝,1
541,芝麻油,枝,1
542,辣椒葉,斤,1
543,紫蕃薯肉,斤,1
544,泰國椰菜苗,包,1
545,薑絲,斤,1
546,迷碟香,兩,1
547,紅豆,斤,1
548,薯仔粉,斤,1
549,叉燒,斤,1
550,糖醬,枝,1
551,京蔥(切料),斤,1
552,去定冬菇(磅),磅,1
553,蔥絲,斤,1
554,珠江橋牌草菇老抽,枝,1
555,蕃薯粉,斤,1
556,肉桂粉,斤,1
557,薯仔粒,斤,1
558,甘筍粒,斤,1
559,茄汁豆,罐,1
560,薯仔角,斤,1
561,巴西草,兩,1
562,甘筍粒,斤,1
563,黑芝麻糕,包,1
564,紅豆糕,包,1
565,什糧糕,包,1
566,棗皇糕,包,1
567,蜂巢糕,包,1
568,甜辣雞汁,枝,1
569,粟米粒,斤,1
570,雜糕,包,1
571,甜酸菜,樽,1
572,菜乾,斤,1
573,糯米,斤,1
574,海帶,斤,1
575,酸梅子,斤,1
576,夏枯草,斤,1
577,生抽,枝,1
578,蠔油,枝,1
579,幼鹽,包,1
580,生粉,包,1
590,片糖,包,1
591,鹵水,枝,1
592,辣椒乾,斤,1
601,菜心(切料),斤,1
601-A,菜心粒,斤,1
6010,西生菜(切料),斤,1
6010-A,西生菜粒,斤,1
6011,大白菜(切料),斤,1
6013,學斗(切料),斤,1
6013-A,學斗粒,斤,1
6015,白菜心(切料),斤,1
6017,京椰菜(切料),斤,1
6017-A,棷菜粒,斤,1
602,菜心苗(切料),斤,1
6020,紹菜(切料),斤,1
6020-A,津白粒,斤,1
6022,旺菜(切料),斤,1
6026,小棠菜(切料),斤,1
6026-A,小棠菜粒,斤,1
6029-A,油麥菜粒,斤,1
6038,西芹(切料),斤,1
6038-A,西芹肉,斤,1
6041,韭菜花(切料),斤,1
6058,秋葵(切料),斤,1
606,莧菜(切料),斤,1
6064,蕃薯肉(切料),斤,1
607,通菜(切料),斤,1
608,青通菜(切料),斤,1
609,唐生菜(切料),斤,1
609-A,唐生菜粒,斤,1
6101,四季豆(切料),斤,1
6103,蜜豆肉(切料),斤,1
6105,荷蘭豆肉(切料),斤,1
6109,白蘿蔔肉(切料),斤,1
6113,青蘿白肉(切料),斤,1
6115,薯仔肉(切料),斤,1
6117,甘筍肉(切料),斤,1
6118-A,冬瓜(去皮去囊),斤,1
6118-B,冬瓜肉 (去皮去囊),斤,1
6118-C,冬瓜粒 (去皮去囊),斤,1
6119,冬瓜肉(切料),斤,1
6122,節瓜肉(切料),斤,1
6122-A,節瓜粒,斤,1
6124,蓮藕肉(切料),斤,1
6126,芋頭肉(切料),斤,1
6128,粉葛肉(切料),斤,1
6130,沙葛肉(切料),斤,1
6133,茄瓜肉,斤,1
6133-A,矮瓜肉,斤,1
6135,涼瓜肉(切料),斤,1
6137,合掌瓜肉(切料),斤,1
6139,南瓜肉(切料),斤,1
6140-A,勝瓜粒,斤,1
6142,老黃瓜(切料),斤,1
6142-A,老黃瓜肉(有皮),斤,1
6144,青木瓜肉(切料),斤,1
6145,翠肉瓜(切料),斤,1
6145-A,翠肉瓜肉(有囊),斤,1
6145-B,翠肉瓜粒,斤,1
6146,青瓜(切料),斤,1
6146-A,青瓜肉,斤,1
6154,熟木瓜肉-切料,斤,1
6166,粟米肉(切料),條,1
6166-A,去衣粟米,條,1
6201,西椒(切料),斤,1
6205,紅西椒(切料),斤,1
6206,黃西椒(切料),斤,1
6220,洋蔥肉(切料),斤,1
6222,芫茜(切料),斤,1
6421-A,去衣栗子肉,斤,1
6425,椰子肉(切料),斤,1
6465,淮山肉(切料),斤,1
701,腸粉,條,1
702,檬粉,斤,1
703,生麵(幼),斤,1
703A,生麫(粗),斤,1
704,冰雞,隻,1
705,河粉(湯),斤,1
706,炒麵,斤,1
707,蛋炒麵,斤,1
708,伊麵(大)十個一條,條,1
708a,伊麵(細)十個一條,條,1
709,上海麵(粗),斤,1
709a,上海麵(幼),斤,1
710,檬粉,斤,1
710a,瀨粉,斤,1
711,炒河粉,斤,1
712,蝦子麵,斤,1
713,上海雲吞皮,斤,1
714,上海麵,斤,1
715,豬扒,磅,1
716,金沙骨,磅,1
717,豬頸肉,磅,1
718,排骨,磅,1
719,雞槌,磅,1
720,雞全翼,磅,1
721,雞中翼,磅,1
722,四骨牛仔骨,磅,1
723,牛肋腩,磅,1
724,炸鳳爪,磅,1
725,新鮮瘦肉,磅,1
726,新鮮瘦肉粒,磅,1
727,新鮮瘦肉絲,磅,1
728,新鮮瘦肉碎,磅,1
729,新鮮半肥瘦肉碎,磅,1
730,新鮮排骨,磅,1
731,燒買,包,1
732,火腿,磅,1
733,金妹芝士腸,包,1
734,牛丸,包,1
735,黑椒牛丸,包,1
736,烏冬,包,1
737,墨魚丸,包,1
738,貢丸,包,1
739,魚旦,包,1
740,魚片,斤,1
741,紅薯粉,斤,1
742,出前一丁(3箱/1扎),扎,1
743,油麵,斤,1
744,米粉 (3KG/包),包,1
745,粉絲,包,1
746,粗麵,斤,1
747,春卷皮,包,1
748,蝦米腸,條,1
749,牛栢葉,斤,1
801,鯇魚,斤,1
801a,鯇魚腩,斤,1
802,蝦滑(3斤/包),包,1
803,鯪魚,斤,1
804,大桂,斤,1
805,細桂,斤,1
806,蠔仔(4斤包),包,1
807,元貝,斤,1
808,鯉魚,斤,1
809,野生水魚,斤,1
810,大陸水魚,斤,1
811,紅則魚,斤,1
812,黃立倉,斤,1
813,烏頭,斤,1
814,大眼雞,斤,1
815,白鱔,斤,1
816,倉魚,斤,1
817,鱸魚,斤,1
818,筍殼,斤,1
819,鯪魚肉(4斤/包),包,1
820,標桂,斤,1
821,黃花,斤,1
822,叉尾,斤,1
823,鮮大魚頭,斤,1
824,白則魚,斤,1
825,大魚頭(4斤/包)4-5頭,包,1
826,黑則魚,斤,1
827,九肚魚,斤,1
828,鮮尤魚,斤,1
829,魚卜,斤,1
830,邊魚,斤,1
831,脆肉鯇,斤,1
832,大魚,斤,1
833,細魚頭(4斤/包)6-8頭,包,1
834,黃鱔,斤,1
835,墨魚滑,斤,1
836,炸魚皮(2斤/包),包,1
837,魚菁,斤,1
838,魚標,斤,1
839,大生魚(2斤以上/條),斤,1
840,中生魚(1-1.75斤/條),斤,1
841,細生魚(1斤以下/條),斤,1
842,蝦滑,斤,1
843,鯪魚,斤,1
844,肉蟹,斤,1
845,炸魚旦(2斤/包),包,1
846,魚肉燒賣(2斤/包),包,1
847,牛丸(2斤/包),包,1
848,豬肉丸(2斤/包),包,1
849,墨魚丸(2斤/包),包,1
850,炸魚片(2斤/包),包,1
851,貢丸(2斤/包),包,1
852,挪威三文魚(8-10斤/條),斤,1
853,白魚旦(2斤/包),包,1
854,花枝滑(3斤/包,包,1
855,田雞,斤,1
856,碎肉,斤,1
857,桶蠔,條,1
858,白倉魚,斤,1
859,紅衫魚,斤,1
860,倉魚,斤,1
861,沙白蜆,斤,1
862,木棉魚,斤,1
863,山班魚,斤,1
864,牙帶魚,斤,1
865,龍躉肉,斤,1
866,魚尾,斤,1
867,盲曹,斤,1
8888,湯料,斤,1
8889,伙食,次,1
8890,運費,次,1
8891,發泡膠箱,個,1
8892,其他(                                                ),,1
901,雞蛋(箱),箱,1
9011,雞蛋(排),排,1
901A,蛋白 (4斤/包) ,包,1
901W,白蛋,排,1
902,油,桶,1
903,皮蛋,隻,1
904,咸旦,隻,1
905,皮旦,箱,1
906,魚露,枝,1
907,白蛋(美國),箱,1
908,咸蛋黃,包,1
909,湖北雞蛋(箱),箱,1
9091,湖北蛋(排),排,1
909A,湖北蛋(排),排,1
910,奄春蛋,盒,1
911,咸蛋黃,隻,1
912,泰國雞蛋,箱,1
913,白米(25kg),包,1
914,涼茶,斤,1
915,赤小豆,斤,1
916,眉豆,斤,1
917,利是菜,扎,1
918,豬毑菜,斤,1
919,豬皮,斤,1
919A,水尤,斤,1
920,鴨紅,盒,1
921,意米,斤,1
922,乾雪耳,斤,1
923,青豆粒(冷藏),包,1
924,雜豆粒(急凍),包,1
925,湯圓,包,1
926,粟米粒 (冷藏),包,1
927,味噌湯,包,1
928,歐洲雞蛋,箱,1
929,雪菜粒,包,1
930,花生,斤,1
931,腰果,斤,1
932,海帶結,斤,1
933,豬大油,斤,1
934,臘腸,扎,1
935,豬肉碎,斤,1
936,黑糯米,斤,1
937,三寶切料,包,1
938,泡菜,包,1
939,水蓮,包,1
940,粽葉,張,1
941,豆腐花,盒,1